blockid,blockfoundat,duration,poolhashrate,ourhashrate,amount,totalreward
31755,12/4/2017 15:07,1:44:41,1227,56.21,0.00063341,14.11147281
31754,12/4/2017 13:22,1:25:34,1176,54.69,0.00059262,13.00676991
31753,12/4/2017 11:57,1:46:01,1170,56.72,0.00065894,13.8645296
31752,12/4/2017 10:10,0:31:39,1150,56.8,0.00068604,14.17739074
31751,12/4/2017 9:39,2:57:19,1156,55.91,0.00068137,14.37690046
31750,12/4/2017 6:42,2:27:30,1150,56.73,0.00067046,13.86728506
31749,12/4/2017 4:14,0:06:32,1129,55.5,0.00064608,13.41052294
31748,12/4/2017 4:07,2:14:42,1129,55.82,0.0006391,13.18932938
31747,12/4/2017 1:53,0:38:58,1143,55.83,0.00065901,13.77137447
31746,12/4/2017 1:14,1:05:05,1165,58.23,0.00065476,13.3642717
31745,12/4/2017 0:09,0:08:38,1183,56.74,0.00061161,13.01687726
31744,12/4/2017 0:00,0:27:52,1178,57.47,0.00062006,12.97127127
31743,12/3/2017 23:32,1:13:42,1193,56.71,0.00063018,13.52503854
31742,12/3/2017 22:19,0:06:17,1200,57.68,0.00066216,14.06210049
31741,12/3/2017 22:12,3:17:52,1199,57.06,0.00066989,14.36841441
31740,12/3/2017 18:54,0:34:19,1184,54.97,0.00058316,12.82146751
31739,12/3/2017 18:20,1:26:17,1189,54.9,0.00058317,12.88250785
31738,12/3/2017 16:54,0:29:48,1220,56.16,0.00061576,13.65500763
31737,12/3/2017 16:24,1:17:38,1217,56.36,0.00063424,13.97280032
31736,12/3/2017 15:06,3:27:42,1241,55.39,0.00062188,14.21229683
31735,12/3/2017 11:39,1:21:58,1232,57.44,0.00064981,14.21780578
31734,12/3/2017 10:17,1:32:42,1234,54.88,0.00057578,13.20563969
31733,12/3/2017 8:44,1:31:01,1186,55.64,0.00066483,14.46457319
31732,12/3/2017 7:13,0:19:11,1155,56.19,0.00064417,13.51023701
31731,12/3/2017 6:54,1:26:49,1150,55.5,0.00060055,12.69868686
31730,12/3/2017 5:27,0:58:25,1149,57.06,0.00065439,13.44137251
31729,12/3/2017 4:29,1:03:39,1134,56.91,0.00063378,12.88883712
31728,12/3/2017 3:25,0:21:55,1149,56.88,0.00066267,13.65899429
31727,12/3/2017 3:03,0:57:11,1148,57.8,0.00067511,13.68253722
31726,12/3/2017 2:06,0:13:43,1144,58.15,0.00067892,13.63184197
31725,12/3/2017 1:52,0:59:37,1142,57.42,0.00063717,12.92949837
31724,12/3/2017 0:52,0:58:52,1138,58.13,0.00065583,13.09997564
31723,12/2/2017 23:54,1:17:13,1158,56.81,0.0006728,13.99107901
31722,12/2/2017 22:36,0:02:36,1164,58.28,0.00068632,13.98270018
31721,12/2/2017 22:34,3:46:06,1166,58.45,0.00070808,14.41044485
31720,12/2/2017 18:48,0:38:46,1142,57.21,0.00069616,14.18087256
31719,12/2/2017 18:09,1:18:36,1140,55.93,0.00067228,13.98483315
31718,12/2/2017 16:50,1:50:28,1193,57.13,0.00062822,13.388094
31717,12/2/2017 15:00,2:47:27,1177,56.99,0.00072818,15.33920974
31716,12/2/2017 12:12,0:28:33,1186,54.11,0.00057581,12.87712821
31715,12/2/2017 11:44,2:00:15,1187,54.56,0.00057105,12.67746272
31714,12/2/2017 9:44,0:39:18,1149,46.08,0.0005493,13.97285283
31713,12/2/2017 9:04,0:44:34,1162,46.05,0.0005483,14.11538858
31712,12/2/2017 8:20,1:28:46,1154,45.91,0.00054884,14.07770004
31711,12/2/2017 6:51,0:01:25,1139,45.42,0.00050559,12.93926752
31710,12/2/2017 6:50,0:47:43,1141,45.41,0.00051033,13.08468789
31709,12/2/2017 6:02,1:59:24,1150,45.28,0.00054354,14.08990533
31708,12/2/2017 4:02,0:15:05,1140,44.79,0.00055217,14.34040394
31707,12/2/2017 3:47,0:08:01,1131,43.96,0.00052788,13.8582349
31706,12/2/2017 3:39,0:44:23,1136,43.76,0.0005295,14.02520316
31705,12/2/2017 2:55,1:35:35,1139,44.63,0.00056544,14.72864731
31704,12/2/2017 1:19,1:04:05,1126,44.12,0.00050586,13.17705415
31703,12/2/2017 0:15,0:59:20,1127,45.78,0.0005173,12.99312077
31702,12/1/2017 23:16,1:31:21,1079,45.62,0.00057928,13.98145906
31701,12/1/2017 21:45,1:16:09,1139,45.33,0.00058771,15.07378451
31700,12/1/2017 20:28,1:24:42,1138,44.56,0.00051584,13.43955186
31699,12/1/2017 19:04,0:59:42,1106,44.16,0.00050059,12.79625773
31698,12/1/2017 18:04,1:00:05,1091,44.54,0.00052227,13.04985253
31697,12/1/2017 17:04,2:08:51,1104,47.19,0.00059243,14.14503741
31696,12/1/2017 14:55,2:15:54,1084,45.05,0.00056975,13.98530285
31695,12/1/2017 12:39,1:59:23,1098,46.02,0.00056077,13.64757479
31694,12/1/2017 10:40,0:29:01,1119,44.6,0.00054541,13.9595524
31693,12/1/2017 10:11,1:11:20,1127,44.75,0.00056851,14.60969745
31692,12/1/2017 8:59,0:06:08,1141,45.5,0.00054323,13.9032477
31691,12/1/2017 8:53,5:00:08,1149,45.71,0.00055191,14.15864668
31690,12/1/2017 3:53,0:03:19,1104,45.75,0.00052124,12.83913439
31689,12/1/2017 3:50,0:41:13,1107,45.17,0.00054258,13.56611554
31688,12/1/2017 3:09,0:30:45,1104,44.51,0.00051003,12.9054752
31687,12/1/2017 2:38,6:22:44,1111,45.13,0.0005126,12.87399198
31686,11/30/2017 20:15,0:25:41,1085,43.14,0.00056145,14.41009556
31685,11/30/2017 19:50,0:31:50,1087,45.88,0.00058532,14.14432011
31684,11/30/2017 19:18,2:18:14,1086,46.35,0.00058693,14.03034744
31683,11/30/2017 16:59,0:31:26,1064,46.3,0.00059944,14.05554804
31682,11/30/2017 16:28,0:18:11,1099,46.18,0.00059472,14.44448618
31681,11/30/2017 16:10,1:16:20,1097,45.61,0.00060327,14.80140791
31680,11/30/2017 14:54,0:02:57,1068,45.3,0.00059185,14.24003746
31679,11/30/2017 14:51,1:10:12,1066,45.27,0.00059308,14.24726142
31678,11/30/2017 13:40,1:07:24,1098,43.56,0.00056459,14.52099856
31677,11/30/2017 12:33,0:55:26,1121,44.45,0.000592,15.22999502
31676,11/30/2017 11:38,1:46:38,1107,44.98,0.00056818,14.27229295
31675,11/30/2017 9:51,0:09:36,1086,43.92,0.00055227,13.93894233
31674,11/30/2017 9:41,1:39:01,1088,43.22,0.00055541,14.26283956
31673,11/30/2017 8:02,0:16:57,1083,44.05,0.00054209,13.60547473
31672,11/30/2017 7:45,0:43:17,1080,45.55,0.00057788,13.9851973
31671,11/30/2017 7:02,1:00:26,1091,44.99,0.00061891,15.30886165
31670,11/30/2017 6:02,0:39:28,1084,44.87,0.00057195,14.10225752
31669,11/30/2017 5:22,0:07:18,1077,44.57,0.00055744,13.74897997
31668,11/30/2017 5:15,0:09:42,1075,45.42,0.00056417,13.62990021
31667,11/30/2017 5:05,0:10:04,1075,45.12,0.00058196,14.14370757
31666,11/30/2017 4:55,0:13:16,1068,44.65,0.00054936,13.40401552
31665,11/30/2017 4:42,0:07:57,1073,44.83,0.00055226,13.4832932
31664,11/30/2017 4:34,3:54:30,1072,45.71,0.00057462,13.75546165
31663,11/30/2017 0:39,4:41:58,1079,43.07,0.00056034,14.32176041
31662,11/29/2017 19:57,0:12:41,1053,44.75,0.00059571,14.34626872
31661,11/29/2017 19:45,0:56:44,1039,44.42,0.00058249,13.87175328
31660,11/29/2017 18:48,0:50:39,1043,45.95,0.0005905,14.08612367
31659,11/29/2017 17:57,1:01:33,1035,44.25,0.00058716,14.47730991
31658,11/29/2017 16:56,3:43:17,1041,45.46,0.00060075,14.22760221
31657,11/29/2017 13:12,0:22:44,1042,45.83,0.00061466,14.73330804
31656,11/29/2017 12:50,0:26:55,1026,45.73,0.00060545,14.55814564
31655,11/29/2017 12:23,0:12:15,1031,46.31,0.00061745,14.17932363
31654,11/29/2017 12:11,1:35:13,1032,45.49,0.00060038,14.24473501
31653,11/29/2017 10:35,3:33:06,1021,45.28,0.00056278,13.97998088
31652,11/29/2017 7:02,0:51:53,1022,43.65,0.0005648,14.02353809
31651,11/29/2017 6:10,1:19:45,1017,43.94,0.0005675,14.20597359
31650,11/29/2017 4:51,4:21:14,1036,45.42,0.00057425,13.84916278
31649,11/29/2017 0:29,2:07:55,1024,46.05,0.00057073,13.38335855
31648,11/28/2017 22:21,3:52:46,1023,45.13,0.00060399,14.52286039
31647,11/28/2017 18:29,0:40:53,1032,47.37,0.00063182,14.51515489
31646,11/28/2017 17:48,0:42:59,1033,48.5,0.00061294,13.66319859
31645,11/28/2017 17:05,2:31:45,1042,47.95,0.00062582,14.23215771
31644,11/28/2017 14:33,0:53:24,1045,48.51,0.00065253,14.64535703
31643,11/28/2017 13:40,5:07:00,1034,48.32,0.00062759,14.09539708
31642,11/28/2017 8:33,0:07:14,1024,54.08,0.00069556,13.72526129
31641,11/28/2017 8:25,1:03:05,1020,54.18,0.00070734,13.95093796
31640,11/28/2017 7:22,0:38:10,1020,51.42,0.00067618,13.9808928
31639,11/28/2017 6:44,3:12:59,1025,53.52,0.00067176,13.26511737
31638,11/28/2017 3:31,2:39:25,1022,52.6,0.00066368,13.21867833
31637,11/28/2017 0:52,1:34:02,1035,52.98,0.00070711,14.12230008
31636,11/27/2017 23:18,0:09:53,1037,53.04,0.00068013,13.40420268
31635,11/27/2017 23:08,1:14:38,1034,54.77,0.00071988,13.76511784
31634,11/27/2017 21:53,2:55:54,1036,53.77,0.00070217,13.79669569
31633,11/27/2017 18:57,0:54:47,1010,55.84,0.00073406,14.05252563
31632,11/27/2017 18:03,0:58:51,1014,54.85,0.00074741,14.52128273
31631,11/27/2017 17:04,0:28:41,1018,52.5,0.00067314,13.94153832
31630,11/27/2017 16:35,0:17:24,1011,53.07,0.00070179,14.12180111
31629,11/27/2017 16:18,1:26:56,1004,52.81,0.00070174,14.07636981
31628,11/27/2017 14:51,1:42:59,991,53.52,0.00074239,14.79606997
31627,11/27/2017 13:08,1:19:02,1007,53.76,0.0007103,14.22427067
31626,11/27/2017 11:49,0:04:05,1014,52.13,0.00067678,13.83286799
31625,11/27/2017 11:45,3:12:04,1013,52.34,0.00068638,13.96880895
31624,11/27/2017 8:33,3:29:39,1039,55.36,0.00075951,14.7189566
31623,11/27/2017 5:03,4:38:30,1032,53.25,0.0006818,13.55328881
31622,11/27/2017 0:24,0:11:13,1028,51.9,0.0006594,13.62949539
31621,11/27/2017 0:13,5:57:12,1025,52.39,0.00067796,13.9169336
31620,11/26/2017 18:16,0:30:29,1031,52.6,0.00072424,14.40663279
31619,11/26/2017 17:46,0:44:46,1041,54.08,0.0007378,14.2452939
31618,11/26/2017 17:01,1:28:02,1036,53.06,0.00074092,14.62456327
31617,11/26/2017 15:33,0:18:35,1026,54.24,0.00071093,13.70161708
31616,11/26/2017 15:14,4:51:57,1015,53.05,0.00071601,14.2144468
31615,11/26/2017 10:22,0:31:19,1017,52.45,0.00066307,13.56190679
31614,11/26/2017 9:51,0:46:06,1023,52.84,0.0006816,13.74047898
31613,11/26/2017 9:05,0:28:10,1026,53.12,0.00071251,14.36568719
31612,11/26/2017 8:37,1:21:26,1049,54.05,0.00073206,14.36190966
31611,11/26/2017 7:15,0:04:01,980.5,53.71,0.0006617,13.03464839
31610,11/26/2017 7:11,1:06:31,986.9,53.09,0.00064943,12.91677281
31609,11/26/2017 6:05,0:40:10,972,53.05,0.00072463,14.65372385
31608,11/26/2017 5:24,0:11:42,972.7,53.2,0.00070503,14.00546456
31607,11/26/2017 5:13,2:21:45,969.1,53.11,0.00066157,13.16494674
31606,11/26/2017 2:51,2:29:37,978.2,52.9,0.00069617,14.02279596
31605,11/26/2017 0:21,1:54:33,968.1,52.54,0.00068544,13.76879049
31604,11/25/2017 22:27,0:56:17,967,52.46,0.00065811,13.4852191
31603,11/25/2017 21:31,1:05:38,957.1,51.52,0.00068172,14.02875989
31602,11/25/2017 20:25,1:04:33,954.3,53.32,0.00073317,14.62941551
31601,11/25/2017 19:20,1:44:51,951.2,53.48,0.00069222,13.6723325
31600,11/25/2017 17:36,0:35:36,953.8,51.2,0.00069499,14.41794984
31599,11/25/2017 17:00,3:04:39,965.7,51.18,0.00068882,14.30533812
31598,11/25/2017 13:55,0:11:00,965.7,54.14,0.00069152,13.37231444
31597,11/25/2017 13:44,0:39:33,966.3,54.25,0.00074265,14.39612845
31596,11/25/2017 13:05,0:44:52,968.5,54.43,0.00072366,13.99613548
31595,11/25/2017 12:20,1:15:34,959.4,54.21,0.00066857,12.85090684
31594,11/25/2017 11:04,0:19:37,960.6,53.43,0.00069223,13.51310144
31593,11/25/2017 10:45,4:10:47,959.9,54.39,0.00076261,14.54519334
31592,11/25/2017 6:34,0:55:24,958.5,52.27,0.00067439,13.63833824
31591,11/25/2017 5:38,0:06:31,956.2,54.18,0.00068807,13.26828749
31590,11/25/2017 5:32,1:59:15,958.6,53.43,0.00065788,12.85614999
31589,11/25/2017 3:33,3:16:55,964.9,53.02,0.00075494,14.99770346
31588,11/25/2017 0:16,4:54:36,949,52.75,0.000662,13.22654436
31587,11/24/2017 19:21,2:34:50,942.7,52.54,0.000667,13.48877
31586,11/24/2017 16:46,0:55:52,923.5,53.99,0.000715,14.12224
31585,11/24/2017 15:51,0:57:44,930.4,52.83,0.000743,14.84659
31584,11/24/2017 14:53,1:54:21,945.8,53.67,0.00075,14.60854
31583,11/24/2017 12:58,0:11:51,970,52.61,0.000711,14.065
31582,11/24/2017 12:47,1:36:06,961.3,51.81,0.000718,14.43226
31581,11/24/2017 11:10,0:14:31,968,54.24,0.000724,13.96785
31580,11/24/2017 10:56,2:17:17,956.1,54.66,0.000771,14.71219
31579,11/24/2017 8:39,0:40:58,945.9,53,0.000808,16.10565
31578,11/24/2017 7:58,0:17:21,952.4,53.43,0.000735,14.55052
31577,11/24/2017 7:40,0:02:28,952.3,54.53,0.000688,13.30317
31576,11/24/2017 7:38,4:59:11,948.4,54.25,0.0007,13.64516
31575,11/24/2017 2:39,1:39:09,956.4,52.96,0.000707,13.75685
31574,11/24/2017 1:00,2:27:30,956.1,53.75,0.000726,13.97635
31573,11/23/2017 22:32,3:48:02,958.3,53.22,0.000738,14.40924
31572,11/23/2017 18:44,0:24:28,936.2,53.18,0.000675,13.09615
31571,11/23/2017 18:20,0:34:03,954.4,51.86,0.000719,14.21325
31570,11/23/2017 17:46,1:12:13,957.1,52.83,0.000731,13.98273
31569,11/23/2017 16:33,0:52:21,952.1,53.62,0.000783,15.01972
31568,11/23/2017 15:41,0:21:33,936.4,52.68,0.000665,13.07268
31567,11/23/2017 15:19,4:21:46,946.7,52.6,0.000702,13.80318
31566,11/23/2017 10:58,1:10:40,957.8,52.34,0.000721,14.60368
31565,11/23/2017 9:47,0:18:09,959.2,53.44,0.000698,13.74323
31564,11/23/2017 9:29,0:09:47,957.3,53.56,0.000702,13.75582
31563,11/23/2017 9:19,1:04:29,952.6,51.98,0.00072,14.47923
31562,11/23/2017 8:15,0:14:46,957.2,52.23,0.000661,13.30257
31561,11/23/2017 8:00,0:24:14,957,53.53,0.00076,15.07903
31560,11/23/2017 7:36,0:26:42,957.4,53.06,0.000751,14.96666
31559,11/23/2017 7:09,0:26:41,959.2,53.03,0.000697,13.75174
31558,11/23/2017 6:42,0:50:56,955.4,53.08,0.000681,13.29457
31557,11/23/2017 5:51,1:35:00,956.2,53.17,0.000708,13.82321
31556,11/23/2017 4:16,0:10:12,952.8,52.7,0.000745,14.76003
31555,11/23/2017 4:06,10:18:12,954,52.76,0.000698,13.85545
31554,11/22/2017 17:48,8:57:39,963.4,52.35,0.00072,14.71885
31553,11/22/2017 8:50,1:45:42,946.1,53.82,0.000798,14.82714
31552,11/22/2017 7:04,0:48:45,948.3,52.07,0.000791,15.29501
31551,11/22/2017 6:16,0:03:21,941.4,53.22,0.000704,13.12919
31550,11/22/2017 6:12,0:12:52,935.5,53.34,0.000754,14.02047
31549,11/22/2017 6:00,7:09:38,931.5,53.6,0.000796,14.68284
31548,11/21/2017 22:50,2:07:08,947.1,53.67,0.000703,13.07142
31547,11/21/2017 20:43,0:30:37,879.9,51.23,0.000738,14.22221
31546,11/21/2017 20:12,5:55:42,875.3,49.93,0.000663,13.1006
31545,11/21/2017 14:16,0:58:30,827.7,55.69,0.000827,14.5042
31544,11/21/2017 13:18,1:19:17,832.7,56.33,0.000747,12.90485
31543,11/21/2017 11:59,0:50:57,845.3,57.68,0.000914,15.37682
31542,11/21/2017 11:08,0:41:17,873.5,58.67,0.000942,15.62546
31541,11/21/2017 10:26,0:27:08,921.5,58.69,0.000946,15.88364
31540,11/21/2017 9:59,0:23:49,916.3,58.63,0.000865,14.53839
31539,11/21/2017 9:35,0:06:31,905.2,55.48,0.000802,14.25094
31538,11/21/2017 9:29,2:05:34,888.6,53.04,0.000802,14.94076
31537,11/21/2017 7:23,0:05:24,890.8,46.1,0.000631,13.40494
31536,11/21/2017 7:18,0:29:08,888.9,45.65,0.00061,13.09986
31535,11/21/2017 6:49,1:06:58,888.8,46.12,0.000696,14.77529
31534,11/21/2017 5:42,1:48:15,894.6,44.53,0.00064,14.06453
31533,11/21/2017 3:54,1:30:17,870.3,50.55,0.000725,13.99352
31532,11/21/2017 2:23,2:29:31,858.6,51.48,0.000699,13.28954
31531,11/20/2017 23:54,2:11:52,839.3,52.28,0.000809,15.23076
31530,11/20/2017 21:42,1:08:03,856.7,51.58,0.00079,14.8327
31529,11/20/2017 20:34,3:17:46,827.9,52.2,0.000851,15.67725
31528,11/20/2017 17:16,0:37:52,800.3,52.48,0.000742,13.32995
31527,11/20/2017 16:38,0:29:01,920.6,51.55,0.000824,15.18244
31526,11/20/2017 16:09,0:43:33,967.7,52.64,0.000756,13.86987
31525,11/20/2017 15:26,1:35:47,980.7,52.36,0.000905,17.10473
31524,11/20/2017 13:50,0:13:23,1006,53.73,0.000783,14.29526
31523,11/20/2017 13:37,1:16:08,987.4,53.3,0.000887,16.4432
31522,11/20/2017 12:20,4:56:59,990.3,51.34,0.000807,15.32788
31521,11/20/2017 7:23,0:11:16,991.6,52.2,0.000676,12.5
31520,11/20/2017 7:12,0:49:22,959.4,53.37,0.000772,14.05326
31519,11/20/2017 6:23,2:23:43,936.9,55.25,0.000915,16.09839
31518,11/20/2017 3:59,1:50:22,923.6,54.58,0.000831,14.72996
31517,11/20/2017 2:09,0:23:35,849.4,55.9,0.000773,13.4892
31516,11/20/2017 1:45,0:13:08,893.3,56.12,0.000799,13.88948
31515,11/20/2017 1:32,4:28:54,850.4,57.6,0.000872,14.80138
31514,11/19/2017 21:03,1:05:17,865.4,52.45,0.000797,14.51085
31513,11/19/2017 19:58,1:45:42,907.5,51.37,0.000766,14.51452
31512,11/19/2017 18:12,1:04:58,910,51.1,0.000897,17.13528
31511,11/19/2017 17:07,0:30:06,904.2,50.73,0.00067,12.82349
31510,11/19/2017 16:37,0:11:01,901.5,53.27,0.000803,14.40588
31509,11/19/2017 16:26,0:09:36,901.2,52.14,0.000764,14.15434
31508,11/19/2017 16:16,0:13:19,904.8,52.55,0.000804,14.95122
31507,11/19/2017 16:03,2:50:56,895.8,52.45,0.0009,16.79193
31506,11/19/2017 13:12,2:05:08,895,53.53,0.000779,14.21649
31505,11/19/2017 11:07,1:04:13,897.8,52.46,0.00072,13.33552
31504,11/19/2017 10:03,2:44:25,909.8,53.88,0.000852,15.45094
31503,11/19/2017 7:18,1:25:51,947.1,53.74,0.000809,14.70732
31502,11/19/2017 5:53,0:33:55,944.1,53.39,0.000862,15.76583
31501,11/19/2017 5:19,0:59:03,921.8,54.21,0.00079,14.25476
31500,11/19/2017 4:20,4:27:29,926.3,52.44,0.00072,13.38861
31499,11/18/2017 23:52,2:26:11,952.5,56.41,0.000754,13.04632
31498,11/18/2017 21:26,0:25:32,909.5,37.2,0.000499,13.05101
31497,11/18/2017 21:00,3:23:35,898,38.55,0.000532,13.42231
31496,11/18/2017 17:37,2:12:57,896.5,36.97,0.000513,13.65088
31495,11/18/2017 15:24,0:20:44,896.8,31.19,0.000437,13.51245
31494,11/18/2017 15:03,2:54:01,884.2,30.56,0.00047,14.892
31493,11/18/2017 12:09,0:25:20,890.2,18.97,0.00026,13.1673
31492,11/18/2017 11:44,2:39:40,904.9,13.22,0.000188,13.54796
31491,11/18/2017 9:04,0:52:41,876.5,13.92,0.000201,13.74409
31490,11/18/2017 8:11,12:23:26,898.7,13.26,0.000181,13.19682
31489,11/17/2017 19:48,0:24:28,911.7,25.73,0.000452,15.77077
31488,11/17/2017 19:24,1:43:52,878.8,33.51,0.000622,16.57015
31487,11/17/2017 17:40,0:56:29,847.5,39.76,0.000692,14.70626
31486,11/17/2017 16:43,0:29:58,846.8,53.97,9.10E-07,14.24085
31485,11/17/2017 16:13,7:02:01,843.5,241.5,4.23E-06,15.09795
31484,11/17/2017 9:11,1:35:37,843.6,12.69,0.000204,14.30881
31483,11/17/2017 7:36,0:09:21,841.2,65,0.000925,13.10788
31482,11/17/2017 7:26,0:23:05,845.8,65,0.000973,13.71507
31481,11/17/2017 7:03,2:08:28,853.7,65,0.001129,15.72492
31480,11/17/2017 4:55,0:21:58,855.5,65,0.000953,13.03418
31479,11/17/2017 4:33,0:24:21,855.7,65,0.001414,19.38243
31478,11/17/2017 4:08,0:29:37,898,65,0.001107,15.14108
31477,11/17/2017 3:39,2:25:28,924.2,65,0.001035,14.14971
31476,11/17/2017 1:13,2:11:17,843.7,65,0.001093,15.04065
31475,11/16/2017 23:02,0:10:36,845.8,65,0.001139,15.25059
31474,11/16/2017 22:51,1:30:43,841.5,65,0.001048,13.84376
31473,11/16/2017 21:21,0:10:26,832.6,65,0.001093,14.10864
31472,11/16/2017 21:10,0:18:02,837.8,65,0.001078,14.2072
31471,11/16/2017 20:52,0:33:38,908.3,65,0.001059,13.48503
31470,11/16/2017 20:19,6:00:11,865.8,65,0.001281,15.76613
31469,11/16/2017 14:18,2:59:29,824.4,65,0.001189,16.84459
31468,11/16/2017 11:19,2:23:05,841.6,65,0.001233,18.35033
31467,11/16/2017 8:56,2:55:24,806,65,0.001185,17.87623
31466,11/16/2017 6:00,3:31:17,806.2,65,0.000935,14.47451
31465,11/16/2017 2:29,0:20:42,806.5,65,0.000991,15.04979
31464,11/16/2017 2:08,0:14:29,811.1,65,0.001286,19.59178
31463,11/16/2017 1:54,2:22:01,799.5,65,0.000985,15.03225
31462,11/15/2017 23:32,2:18:40,802.3,65,0.000994,14.66984
31461,11/15/2017 21:13,1:21:43,815.1,65,0.001265,18.2295
31460,11/15/2017 19:52,2:41:52,820.1,65,0.001223,17.37118
31459,11/15/2017 17:10,1:39:53,822.1,65,0.001031,13.47609
31458,11/15/2017 15:30,2:27:08,824.3,65,0.001102,15.14283
31457,11/15/2017 13:03,3:04:17,826.6,65,0.001198,15.67636
31456,11/15/2017 9:58,1:10:52,825.7,65,0.001325,17.64511
31455,11/15/2017 8:48,0:09:45,828.2,65,0.001184,16.53729
31454,11/15/2017 8:38,3:38:52,831.5,65,0.00124,17.36454
31453,11/15/2017 4:59,1:00:22,831,65,0.000992,13.79716
31452,11/15/2017 3:59,0:27:49,828.3,65,0.001122,15.55914
31451,11/15/2017 3:31,0:33:36,832,65,0.001061,14.71498
31450,11/15/2017 2:57,1:47:01,838,65,0.001172,16.31611
31449,11/15/2017 1:10,1:58:32,835.6,65,0.001133,15.60964
31448,11/14/2017 23:12,0:40:21,830.8,65,0.001397,19.24127
31447,11/14/2017 22:31,2:08:26,833.2,65,0.000995,13.74654
31446,11/14/2017 20:23,1:02:51,831.8,65,0.001425,19.94136
31445,11/14/2017 19:20,0:04:49,831.2,65,0.001093,15.9262
31444,11/14/2017 19:15,1:11:11,836.3,65,0.001199,17.41425
31443,11/14/2017 18:04,0:08:51,835,65,0.001127,15.98406
31442,11/14/2017 17:55,1:12:47,833.4,65,0.001204,17.15482
31441,11/14/2017 16:42,3:06:58,835.7,65,0.001367,20.02795
31440,11/14/2017 13:35,0:36:24,846.2,65,0.001472,20.59504
31439,11/14/2017 12:59,1:00:24,850.8,65,0.001112,15.36529
31438,11/14/2017 11:59,0:04:44,853.1,65,0.001152,15.89217
31437,11/14/2017 11:54,1:36:18,868.1,65,0.001254,17.30137
31436,11/14/2017 10:18,2:43:57,845.4,65,0.001188,16.16019
31435,11/14/2017 7:34,0:42:05,886.8,65,0.00144,19.72272
31434,11/14/2017 6:51,2:10:18,863.6,65,0.001362,18.96057
31433,11/14/2017 4:41,1:38:42,854.8,65,0.001495,20.16198
31432,11/14/2017 3:02,2:39:42,853.5,65,0.00122,16.86747
31431,11/14/2017 0:23,2:33:28,831.7,65,0.001342,18.82704
31430,11/13/2017 21:49,2:12:38,839,65,0.001208,16.33252
31429,11/13/2017 19:37,0:04:26,838.6,65,0.001216,15.85405
31428,11/13/2017 19:32,0:35:23,826.6,65,0.001409,18.3498
31427,11/13/2017 18:57,0:36:48,820.1,65,0.001449,18.79894
31426,11/13/2017 18:20,0:12:59,820.6,65,0.001392,18.06375
31425,11/13/2017 18:07,1:14:47,814.2,65,0.001458,18.87
31424,11/13/2017 16:52,0:40:34,817.6,65,0.001445,18.80138
31423,11/13/2017 16:12,0:05:51,817.2,65,0.0014,18.38783
31422,11/13/2017 16:06,4:33:21,822.8,65,0.001513,19.91106
31421,11/13/2017 11:33,2:34:25,820.4,65,0.001412,18.58237
31420,11/13/2017 8:58,0:17:34,811.6,65,0.001152,15.91061
31419,11/13/2017 8:41,1:56:39,812.9,65,0.001254,17.82614
31418,11/13/2017 6:44,1:17:21,811.8,65,0.001325,17.19947
31417,11/13/2017 5:27,1:06:51,813.8,65,0.001376,17.90121
31416,11/13/2017 4:20,1:55:50,813,65,0.001592,20.60557
31415,11/13/2017 2:24,0:34:27,812,65,0.001435,18.38708
31414,11/13/2017 1:49,3:46:17,812.7,65,0.001505,19.3933
31413,11/12/2017 22:03,2:52:34,800.2,65,0.001467,20.50304
31412,11/12/2017 19:11,2:40:10,799.8,65,0.001426,18.99668
31411,11/12/2017 16:30,1:04:08,791.2,65,0.00165,20.92501
31410,11/12/2017 15:26,1:25:10,789.2,65,0.001575,20.38982
31409,11/12/2017 14:01,3:25:47,784.1,65,0.001912,23.70302
31408,11/12/2017 10:35,2:31:24,783,65,0.001881,23.32582
31407,11/12/2017 8:04,1:14:16,768.6,65,0.001645,20.40844
31406,11/12/2017 6:50,2:42:43,760.7,65,0.0018,22.46057
31405,11/12/2017 4:07,0:06:05,753.4,65,0.001712,21.06035
31404,11/12/2017 4:01,2:56:34,690.9,65,0.001886,23.27871
31403,11/12/2017 1:04,1:24:20,697.9,65,0.001891,23.71141
31402,11/11/2017 23:40,0:49:30,697.7,65,0.001517,19.1417
31401,11/11/2017 22:50,0:28:59,766.3,65,0.001513,19.1375
31400,11/11/2017 22:21,0:16:40,803,65,0.001452,18.40771
31399,11/11/2017 22:05,1:21:11,818.8,65,0.001504,19.12737
31398,11/11/2017 20:44,2:57:13,807.1,65,0.001363,17.31088
31397,11/11/2017 17:46,2:36:17,814.4,65,0.001398,17.81606
31396,11/11/2017 15:10,0:36:29,813.7,65,0.001336,17.09517
31395,11/11/2017 14:34,2:08:27,815.4,65,0.001696,21.6795
31394,11/11/2017 12:25,2:07:43,815.7,65,0.001312,16.71544
31393,11/11/2017 10:17,2:43:16,808.5,65,0.001322,16.92072
31392,11/11/2017 7:34,1:43:26,809.9,65,0.001252,16.13748
31391,11/11/2017 5:51,1:00:56,812.5,65,0.001236,15.88572
31390,11/11/2017 4:50,0:06:34,814.4,65,0.001212,15.49106
31389,11/11/2017 4:43,0:12:15,807.8,65,0.001264,16.20433
31388,11/11/2017 4:31,2:24:55,803.3,65,0.001246,15.94682
31387,11/11/2017 2:06,2:05:50,808.9,65,0.001228,15.7069
31386,11/11/2017 0:00,3:58:48,830.8,65,0.001263,16.24566
31385,11/10/2017 20:01,4:27:54,819.8,65,0.001272,16.33535
31384,11/10/2017 15:34,0:31:10,805.2,65,0.001214,15.56342
31383,11/10/2017 15:02,3:14:02,802.8,65,0.00126,16.20081
31382,11/10/2017 11:48,1:34:46,805.2,65,0.001214,15.80424
31381,11/10/2017 10:14,0:49:14,816.9,65,0.001223,16.00263
31380,11/10/2017 9:24,1:33:15,802.5,65,0.001168,15.33588
31379,11/10/2017 7:51,2:02:24,802.3,65,0.001128,15.06628
31378,11/10/2017 5:49,2:08:38,799.2,65,0.001147,14.91924
31377,11/10/2017 3:40,5:58:22,797.3,65,0.001155,15.75741
31376,11/9/2017 21:42,1:24:14,796.8,65,0.001139,15.1263
31375,11/9/2017 20:17,0:15:52,778.2,65,0.001186,15.59179
31374,11/9/2017 20:02,1:45:47,787,65,0.001208,15.86466
31373,11/9/2017 18:16,1:18:58,792.1,65,0.001188,15.19629
31372,11/9/2017 16:57,3:26:32,803.2,65,0.001184,15.28505
31371,11/9/2017 13:30,0:50:35,804.7,65,0.001199,15.46845
31370,11/9/2017 12:40,2:32:57,785.9,65,0.00122,15.5088
31369,11/9/2017 10:07,0:52:42,867.5,65,0.001124,14.17682
31368,11/9/2017 9:14,2:11:33,790.1,65,0.001235,15.59605
31367,11/9/2017 7:03,0:40:47,791.8,65,0.001246,15.60381
31366,11/9/2017 6:22,0:49:12,794.9,65,0.001144,14.39233
31365,11/9/2017 5:33,1:14:39,780.9,65,0.001119,14.06647
31364,11/9/2017 4:18,0:28:39,800.7,65,0.001179,14.92248
31363,11/9/2017 3:49,4:06:23,792.9,65,0.001179,14.8818
31362,11/8/2017 23:43,0:01:24,797.1,65,0.001168,14.58404
31361,11/8/2017 23:41,5:47:22,806.8,65,0.001208,15.11106
31360,11/8/2017 17:54,0:33:24,832.3,65,0.001273,15.90225
31359,11/8/2017 17:21,4:51:53,798.9,65,0.001229,15.385
31358,11/8/2017 12:29,2:06:04,816,65,0.001219,15.24747
31357,11/8/2017 10:23,3:42:48,793.3,65,0.001093,13.65708
31356,11/8/2017 6:40,0:25:55,785.5,65,0.001219,15.24136
31355,11/8/2017 6:14,0:53:55,787.4,65,0.001166,14.35552
31354,11/8/2017 5:20,0:50:28,780.2,65,0.001204,14.81499
31353,11/8/2017 4:30,4:11:31,780.4,65,0.001085,13.21138
31352,11/8/2017 0:18,0:37:00,781.4,65,0.001181,14.33601
31351,11/7/2017 23:41,1:33:03,787.4,65,0.001075,12.96234
31350,11/7/2017 22:08,2:36:01,797.7,65,0.001251,15.06485
31349,11/7/2017 19:32,0:21:18,795.9,65,0.00121,14.31269
31348,11/7/2017 19:11,0:41:27,786.9,65,0.001314,15.37515
31347,11/7/2017 18:29,2:10:03,780.4,65,0.001304,15.11615
31346,11/7/2017 16:19,2:50:12,787.9,65,0.001225,13.02479
31345,11/7/2017 13:29,0:21:25,789,65,0.001441,15.47414
31344,11/7/2017 13:08,1:52:15,782.5,65,0.001361,14.61294
31343,11/7/2017 11:15,2:02:16,783.6,65,0.001263,14.89111
31342,11/7/2017 9:13,1:03:12,782.7,65,0.001054,13.02173
31341,11/7/2017 8:10,8:21:17,791.9,65,0.001129,14.21714
31340,11/6/2017 23:49,2:37:18,780,65,0.001237,15.36106
31339,11/6/2017 21:11,0:14:42,773.1,65,0.001221,15.2987
31338,11/6/2017 20:57,2:53:32,766.6,65,0.001242,15.5492
31337,11/6/2017 18:03,4:18:46,772.1,65,0.001219,15.28688
31336,11/6/2017 13:44,2:09:56,772.3,65,0.001254,15.74062
31335,11/6/2017 11:34,1:08:48,773.4,65,0.001151,14.32286
31334,11/6/2017 10:26,0:14:30,766.7,65,0.001215,15.13677
31333,11/6/2017 10:11,0:12:25,761.6,65,0.001173,14.66708
31332,11/6/2017 9:59,3:31:01,762,65,0.001222,15.30652
31331,11/6/2017 6:28,5:39:24,768.7,65,0.001178,14.64401
31330,11/6/2017 0:48,1:29:32,769.3,65,0.001089,13.46068
31329,11/5/2017 23:19,3:45:29,757.6,65,0.00121,15.0549
31328,11/5/2017 19:33,6:37:11,765.5,65,0.001085,13.86863
31327,11/5/2017 12:56,1:39:09,757,65,0.001056,13.32253
31326,11/5/2017 11:17,0:07:06,754.9,65,0.001111,13.76327
31325,11/5/2017 11:10,2:47:36,751.7,65,0.001037,12.80161
31324,11/5/2017 8:22,2:35:20,755.6,65,0.001079,13.37009
31323,11/5/2017 5:47,2:26:51,757.1,65,0.001163,14.6111
31322,11/5/2017 3:20,5:22:26,762.7,65,0.001184,14.62272
31321,11/4/2017 22:58,6:53:45,760.8,65,0.001045,12.89791
31320,11/4/2017 16:04,0:28:33,762.7,65,0.001273,15.64822
31319,11/4/2017 15:35,0:18:05,708.8,65,0.001171,14.35969
31318,11/4/2017 15:17,4:33:19,762.1,65,0.001185,14.52562
31317,11/4/2017 10:44,6:54:27,753.7,65,0.001212,14.51265
31316,11/4/2017 3:49,2:32:36,758.8,65,0.001213,14.68421
31315,11/4/2017 1:17,4:03:15,757.7,65,0.001246,15.18633
31314,11/3/2017 21:14,0:13:17,758.6,65,0.001228,15.1788
31313,11/3/2017 21:00,11:43:26,760.3,65,0.00128,15.8464
31312,11/3/2017 9:17,0:15:22,760.5,65,0.001241,15.00974
31311,11/3/2017 9:02,5:28:36,759.5,65,0.001109,14.79754
31310,11/3/2017 3:33,0:25:35,759.2,65,0.001252,15.21752
31309,11/3/2017 3:07,2:01:05,753.7,65,0.001125,13.7086
31308,11/3/2017 1:06,0:52:25,760.1,65,0.001205,14.73335
31307,11/3/2017 0:14,2:21:41,772.7,65,0.00122,14.65806
31306,11/2/2017 21:52,0:58:04,765.9,65,0.001188,14.63976
31305,11/2/2017 20:54,0:32:20,769.4,65,0.001055,12.87054
31304,11/2/2017 20:22,3:48:23,756.3,65,0.001209,14.82937
31303,11/2/2017 16:33,0:16:10,765.9,65,0.001177,14.60929
31302,11/2/2017 16:17,2:00:08,761.7,65,0.00118,15.1035
31301,11/2/2017 14:17,2:36:16,770.9,65,0.001213,14.91411
31300,11/2/2017 11:41,1:03:58,774.8,65,0.001171,14.69901
31299,11/2/2017 10:37,6:22:13,779,65,0.001177,14.36395
31298,11/2/2017 4:15,0:02:58,772.2,65,0.001204,14.55558
31297,11/2/2017 4:12,1:49:25,774.7,65,0.001247,15.10252
31296,11/2/2017 2:22,0:07:23,772.6,65,0.00108,12.95829
31295,11/2/2017 2:15,1:49:46,773.4,65,0.001198,14.38342
31294,11/2/2017 0:25,1:37:13,774.3,65,0.001158,13.91713
31293,11/1/2017 22:48,7:10:24,768.1,65,0.001048,12.69056
31292,11/1/2017 15:37,0:25:14,774.8,65,0.001139,13.97306
31291,11/1/2017 15:12,1:00:49,744.6,65,0.001235,15.12705
31290,11/1/2017 14:11,0:18:43,737.9,65,0.00125,15.13162
31289,11/1/2017 13:53,0:19:15,747.8,65,0.00113,13.57095
31288,11/1/2017 13:33,0:15:30,743,65,0.001197,14.51347
31287,11/1/2017 13:18,1:05:21,751.1,65,0.001245,15.10663
31286,11/1/2017 12:13,1:14:43,754.2,65,0.00118,14.20108
31285,11/1/2017 10:58,0:29:19,768.1,65,0.001207,14.55614
31284,11/1/2017 10:29,0:34:20,743.6,65,0.001203,14.48927
31283,11/1/2017 9:54,1:29:28,746.5,65,0.00123,14.98541
31282,11/1/2017 8:25,3:48:01,738.4,65,0.00124,14.87453
31281,11/1/2017 4:37,3:30:18,771.8,65,0.001198,14.25334
31280,11/1/2017 1:06,0:30:27,766.8,65,0.001234,14.55159
31279,11/1/2017 0:36,1:12:04,727.8,65,0.001263,15.00556
31278,10/31/2017 23:24,5:42:22,728.9,65,0.001274,15.13352
31277,10/31/2017 17:42,1:39:41,728.1,65,0.001249,14.86666
31276,10/31/2017 16:02,5:02:06,725.1,65,0.001294,15.26491
31275,10/31/2017 11:00,0:39:36,742.1,65,0.001269,14.87266
31274,10/31/2017 10:20,1:19:27,734.7,65,0.001279,14.98846
31273,10/31/2017 9:01,1:48:10,732.6,65,0.001207,14.27333
31272,10/31/2017 7:13,1:15:10,742.7,65,0.001309,15.49025
31271,10/31/2017 5:57,0:41:51,754.4,65,0.001174,13.68113
31270,10/31/2017 5:16,1:39:34,750.8,65,0.001286,15.14239
31269,10/31/2017 3:36,3:16:43,744.1,65,0.001291,15.03122
31268,10/31/2017 0:19,0:35:27,742.2,65,0.00117,13.58351
31267,10/30/2017 23:44,5:40:51,737.4,65,0.001117,12.9192
31266,10/30/2017 18:03,0:54:36,735.6,65,0.00117,13.5962
31265,10/30/2017 17:08,0:40:26,764.2,65,0.001139,13.27207
31264,10/30/2017 16:28,1:04:13,755.5,65,0.00123,14.43284
31263,10/30/2017 15:24,1:33:53,763.7,65,0.001241,14.52182
31262,10/30/2017 13:50,2:21:36,757,65,0.001243,14.58955
31261,10/30/2017 11:28,6:06:30,746.1,65,0.001403,15.30019
31260,10/30/2017 5:22,2:58:04,739.6,65,0.001267,14.85069
31259,10/30/2017 2:24,1:57:54,743.6,65,0.001304,15.12365
31258,10/30/2017 0:26,0:14:36,756.3,65,0.001239,14.46685
31257,10/30/2017 0:11,1:16:13,745.7,65,0.001183,13.7884
31256,10/29/2017 22:55,0:15:24,743.4,65,0.001219,14.22497
31255,10/29/2017 22:40,0:34:23,739.5,65,0.001144,13.3783
31254,10/29/2017 22:05,1:23:18,717.7,65,0.001236,14.4644
31253,10/29/2017 20:42,1:12:59,736,65,0.001271,14.84681
31252,10/29/2017 19:29,1:28:59,735.8,65,0.00127,14.83537
31251,10/29/2017 18:00,0:27:58,739.5,65,0.001205,13.97175
31250,10/29/2017 17:32,2:44:24,749,65,0.001302,15.22088
31249,10/29/2017 14:48,1:51:37,730.9,65,0.001154,13.7152
31248,10/29/2017 12:56,0:07:47,738.2,65,0.00114,13.43403
31247,10/29/2017 12:48,14:00:06,736.9,65,0.001194,14.13091
31246,10/28/2017 22:48,0:49:57,731.5,65,0.001235,14.37018
31245,10/28/2017 21:58,1:12:00,732.2,65,0.00132,15.55583
31244,10/28/2017 20:46,3:05:53,734.3,65,0.001314,15.40185
31243,10/28/2017 17:40,13:58:33,739.2,65,0.001305,15.48196
31242,10/28/2017 3:42,2:05:39,742.3,65,0.00121,14.42667
31241,10/28/2017 1:36,5:04:54,745,65,0.001235,14.79821
31240,10/27/2017 20:31,2:08:09,741.3,65,0.001181,14.03393
31239,10/27/2017 18:23,0:27:39,735.3,65,0.001221,14.54725
31238,10/27/2017 17:55,2:19:07,739.5,65,0.001221,14.51748
31237,10/27/2017 15:36,2:46:46,734.7,65,0.001231,14.64476
31236,10/27/2017 12:49,1:31:40,727.9,65,0.001182,14.07447
31235,10/27/2017 11:18,3:41:40,728.7,65,0.001188,14.0362
31234,10/27/2017 7:36,1:53:06,724.7,65,0.001184,14.11453
31233,10/27/2017 5:43,0:07:19,725.8,65,0.001209,13.84397
31232,10/27/2017 5:36,3:21:16,728,65,0.001235,14.02028
31231,10/27/2017 2:14,1:17:08,726.9,65,0.001233,14.19019
31230,10/27/2017 0:57,0:52:56,739.9,65,0.001226,14.0192
31229,10/27/2017 0:04,1:04:24,730.8,65,0.001211,13.99391
31228,10/26/2017 23:00,3:11:20,723,28.16,0.000518,14.14685
31227,10/26/2017 19:49,7:46:18,718,26.93,0.000476,13.85424
31226,10/26/2017 12:02,2:27:12,720.1,12.84,0.000213,12.55582
31225,10/26/2017 9:35,0:26:30,720.7,30.06,0.000555,14.06908
31224,10/26/2017 9:09,1:41:02,710,29.25,0.0005,12.88605
31223,10/26/2017 7:28,1:01:02,716.9,30.13,0.000499,13.02901
31222,10/26/2017 6:27,2:55:54,723.8,29.51,0.0005,13.24692
31221,10/26/2017 3:31,1:02:51,719.8,29.05,0.000507,12.97226
31220,10/26/2017 2:28,1:56:48,722.6,29.76,0.000519,12.9713
31219,10/26/2017 0:31,0:04:36,666.2,28.99,0.000498,12.75277
31218,10/26/2017 0:26,6:02:25,700.2,29.66,0.000512,12.77276
31217,10/25/2017 18:24,0:56:50,701.6,31.12,0.000531,12.93142
31216,10/25/2017 17:27,0:35:48,702.7,30.92,0.000579,14.03684
31215,10/25/2017 16:51,2:21:09,707.4,29.59,0.000501,12.65108
31214,10/25/2017 14:30,2:15:44,714.1,29.64,0.000503,12.85434
31213,10/25/2017 12:14,0:41:48,711.3,30.96,0.000513,12.754
31212,10/25/2017 11:33,0:34:37,718.1,31.65,0.000594,14.37036
31210,10/25/2017 10:58,2:38:08,717.6,31.08,0.000522,12.74789
31211,10/25/2017 10:58,0:00:27,697,30.83,0.000514,12.63399
31209,10/25/2017 8:19,0:45:21,703.5,29.93,0.000565,14.19341
31208,10/25/2017 7:34,1:21:01,699.6,30.6,0.000555,13.62285
31207,10/25/2017 6:13,0:48:06,701.3,29.98,0.000537,13.97256
31206,10/25/2017 5:25,2:59:28,694.6,29.86,0.000503,12.98721
31205,10/25/2017 2:26,5:06:43,693.5,25.04,0.000447,13.8953
31204,10/24/2017 21:19,0:37:31,690.8,9.632,0.000163,13.06222
31203,10/24/2017 20:41,0:34:38,690.7,21.38,0.000382,13.59679
31202,10/24/2017 20:07,0:10:16,692.5,19.05,0.000325,12.87966
31201,10/24/2017 19:56,0:49:28,688.9,19.13,0.000336,13.31734
31200,10/24/2017 19:07,1:31:16,688,10.7,0.000192,13.85245
31199,10/24/2017 17:36,0:17:31,682.4,23.93,0.000437,14.0208
31198,10/24/2017 17:18,1:23:26,683.6,23.93,0.000437,13.43441
31197,10/24/2017 15:55,2:46:23,686.4,23.93,0.000437,13.94171
31196,10/24/2017 13:08,1:45:14,686.3,23.93,0.000437,13.71873
31195,10/24/2017 11:23,5:33:56,681.5,23.93,0.000437,13.74707
31194,10/24/2017 5:49,1:46:27,687.5,23.93,0.000437,13.98827
31193,10/24/2017 4:03,0:32:09,682.3,23.93,0.000437,14.22731
31192,10/24/2017 3:31,0:26:07,682.8,23.93,0.000437,13.25166
31191,10/24/2017 3:04,0:33:14,682.1,23.93,0.000437,12.72269
31190,10/24/2017 2:31,0:44:36,692.5,23.93,0.000437,14.99912
31189,10/24/2017 1:47,3:03:00,683.4,23.93,0.000437,13.80189
31188,10/23/2017 22:44,0:29:17,686.8,23.93,0.000437,12.99585
31187,10/23/2017 22:14,0:40:10,674.9,23.93,0.000437,13.51992
31186,10/23/2017 21:34,4:03:46,665.4,23.93,0.000437,14.48755
31185,10/23/2017 17:30,0:53:38,634.1,22.62,0.000425,13.98583
31184,10/23/2017 16:37,0:14:12,630.8,22.62,0.000425,13.87847
31183,10/23/2017 16:23,0:55:50,631.6,23.29,0.000424,13.94875
31182,10/23/2017 15:27,0:56:20,632.7,22.62,0.000425,13.93236
31181,10/23/2017 14:30,0:12:27,631.3,22.62,0.000425,13.48978
31180,10/23/2017 14:18,3:21:27,614,23.29,0.000424,13.91676
31179,10/23/2017 10:57,2:21:44,584.2,23.93,0.000437,14.05958
31178,10/23/2017 8:35,1:41:28,574.6,23.93,0.000437,13.6464
31177,10/23/2017 6:53,0:31:33,663.5,13.44,0.000231,12.75906
31176,10/23/2017 6:22,4:26:19,677.8,12.88,0.000222,12.72898
31175,10/23/2017 1:55,0:38:37,682.5,23.93,0.000437,13.22862
31174,10/23/2017 1:17,1:04:56,674.8,23.93,0.000437,13.1384
31173,10/23/2017 0:12,2:58:46,664.5,4.763,8.25E-05,12.84976
31172,10/22/2017 21:13,4:48:03,670.5,12.62,0.000237,14.15131
31171,10/22/2017 16:25,1:48:54,663,23.93,0.000437,13.55848
31170,10/22/2017 14:36,5:00:46,664.9,23.93,0.000437,12.85139
31169,10/22/2017 9:35,0:03:32,660.3,27.47,0.000475,12.67954
31168,10/22/2017 9:32,0:26:22,664.4,27.8,0.000495,13.09559
31167,10/22/2017 9:06,1:13:48,663.9,27.91,0.000492,12.95492
31166,10/22/2017 7:52,0:13:47,675.7,27.19,0.000525,13.98114
31165,10/22/2017 7:38,0:45:52,670.3,27.33,0.000513,13.74287
31164,10/22/2017 6:52,4:22:12,672.3,28.04,0.000545,14.36572
31163,10/22/2017 2:30,1:30:29,674.6,23.14,0.000441,13.98391
31162,10/22/2017 0:59,11:11:09,672.2,22.64,0.000386,12.56237
31161,10/21/2017 13:48,1:24:30,670.7,24.95,0.000522,14.22097
31160,10/21/2017 12:24,1:26:14,668.7,24.31,0.000473,13.89464
31159,10/21/2017 10:57,0:24:02,672.6,24.96,0.000482,13.81892
31158,10/21/2017 10:33,1:23:06,697.4,24.95,0.000494,14.19873
31157,10/21/2017 9:10,1:08:07,652.1,22.62,0.000425,13.56863
31156,10/21/2017 8:02,3:54:05,651.9,23.29,0.000424,13.26892
31155,10/21/2017 4:08,3:27:33,655.5,23.93,0.000437,13.24821
31154,10/21/2017 0:41,7:41:56,666.7,23.61,0.000446,13.85017
31153,10/20/2017 16:59,11:06:56,664.8,23.56,0.000443,13.75838
31152,10/20/2017 5:52,1:08:24,664.1,24.77,0.000458,13.15951
31151,10/20/2017 4:43,1:34:13,669.7,24.44,0.00047,13.81145
31150,10/20/2017 3:09,0:20:29,659.8,23.79,0.000429,12.86641
31149,10/20/2017 2:49,3:32:16,657.2,23.75,0.000426,12.82455
31147,10/19/2017 23:16,1:39:26,657.4,23.11,0.000419,12.84765
31148,10/19/2017 23:16,0:00:25,647.5,23.42,0.000414,12.51024
31146,10/19/2017 21:37,0:11:35,641.5,23.58,0.000422,12.62672
31145,10/19/2017 21:25,0:16:18,640.3,24.86,0.000469,13.29061
31144,10/19/2017 21:09,2:01:36,642.4,23.53,0.000457,13.71414
31143,10/19/2017 19:07,0:05:33,639.9,25.11,0.000478,13.3814
31142,10/19/2017 19:01,2:45:57,647.5,24.57,0.000494,14.11192
31141,10/19/2017 16:16,0:01:53,645.4,23.78,0.000434,12.7193
31140,10/19/2017 16:14,0:52:14,650.8,24.36,0.000479,13.72573
31139,10/19/2017 15:21,3:16:05,646,23.33,0.000421,12.62732
31138,10/19/2017 12:05,2:08:32,644.5,24.45,0.000493,14.12936
31137,10/19/2017 9:57,1:30:52,651.1,23.81,0.000474,13.84183
31136,10/19/2017 8:26,1:47:44,653.4,23.68,0.000482,14.27052
31135,10/19/2017 6:38,1:27:46,665.2,23.79,0.000438,12.80475
31134,10/19/2017 5:10,1:42:10,664,24.8,0.000467,13.12259
31133,10/19/2017 3:28,3:51:10,625.4,24.85,0.000448,12.55884
31132,10/18/2017 23:37,0:26:12,653.5,27.08,0.000525,13.69139
31131,10/18/2017 23:11,1:47:30,626.4,27.87,0.000521,13.04554
31130,10/18/2017 21:23,3:26:36,626.1,26.15,0.000496,13.28685
31129,10/18/2017 17:57,3:22:46,621.2,27.33,0.000546,13.76513
31128,10/18/2017 14:34,7:13:48,623.9,27.54,0.00058,14.30152
31127,10/18/2017 7:20,0:45:48,622.2,27.43,0.000677,15.97052
31126,10/18/2017 6:34,1:36:50,622.1,24.13,0.000484,12.90888
31125,10/18/2017 4:58,0:51:42,621,26.69,0.000586,14.14406
31124,10/18/2017 4:06,0:39:10,619.4,19.27,0.000428,14.35401
31123,10/18/2017 3:27,3:23:04,614.5,19.53,0.000422,13.92422
31122,10/18/2017 0:04,1:51:00,615.6,26.48,0.000542,12.81342
31121,10/17/2017 22:13,0:21:57,615.7,19.95,0.000388,14.26299
31120,10/17/2017 21:51,9:32:53,618.3,19.95,0.000388,13.14218
31119,10/17/2017 12:18,1:57:29,617.9,15.28,0.000328,14.52947
31118,10/17/2017 10:20,0:09:54,611.8,24.76,0.000506,14.13483
31117,10/17/2017 10:10,0:19:04,614.4,22.77,0.000473,14.4795
31116,10/17/2017 9:51,1:45:49,614.2,14.54,0.000305,14.45473
31115,10/17/2017 8:06,2:17:08,616.3,14.18,0.000277,13.25311
31114,10/17/2017 5:48,0:12:03,620,13.82,0.00028,13.88876
31113,10/17/2017 5:36,3:43:25,642.2,14.06,0.000269,12.93028
31112,10/17/2017 1:53,0:36:23,633.2,15.45,0.000289,12.67196
31111,10/17/2017 1:17,0:12:19,636.6,19.79,0.000374,12.72443
31110,10/17/2017 1:04,0:06:39,614.1,25.02,0.000493,13.36761
31109,10/17/2017 0:58,2:26:04,622.2,25.87,0.00051,13.35575
31108,10/16/2017 22:32,0:31:03,612.5,24.34,0.000516,14.60399
31107,10/16/2017 22:01,0:24:03,613.4,14.8,0.000285,13.16546
31106,10/16/2017 21:36,3:22:49,606.3,16.18,0.000311,13.16965
31105,10/16/2017 18:14,2:25:24,618.2,13.76,0.000293,14.66144
31104,10/16/2017 15:48,0:04:45,601.6,16.21,0.000333,14.09328
31103,10/16/2017 15:43,0:31:17,583.4,16.74,0.000353,14.42149
31102,10/16/2017 15:12,0:34:41,590.5,12.89,0.000272,14.37668
31101,10/16/2017 14:38,3:25:16,597.4,12.11,0.000247,14.02242
31100,10/16/2017 11:12,7:32:29,594.4,19.95,0.000388,14.42969
31099,10/16/2017 3:40,0:46:57,588,27.18,0.000529,12.94435
31098,10/16/2017 2:53,3:43:18,599.1,27.44,0.00058,14.06833
31097,10/15/2017 23:10,0:23:29,599.5,22.74,0.000426,12.51922
31096,10/15/2017 22:46,0:20:17,579.1,15.24,0.000288,12.85928
31095,10/15/2017 22:26,0:08:37,596.7,13.81,0.00026,12.78616
31094,10/15/2017 22:17,0:23:27,588.5,14.29,0.000273,12.92227
31093,10/15/2017 21:54,3:00:51,581,14.23,0.000264,12.6875
31092,10/15/2017 18:53,3:15:01,577.2,25.28,0.000488,12.98587
31091,10/15/2017 15:38,0:27:48,570,26.7,0.000503,12.63207
31090,10/15/2017 15:10,3:32:41,582.7,27.03,0.000576,14.30428
31089,10/15/2017 11:37,3:08:45,570.6,27.35,0.000527,12.71643
31088,10/15/2017 8:29,5:01:35,572.2,26.38,0.000612,15.19905
31087,10/15/2017 3:27,1:37:57,568.9,27.1,0.000552,13.31743
31086,10/15/2017 1:49,1:00:05,573.8,25.94,0.000522,13.18076
31085,10/15/2017 0:49,1:47:16,571.3,19.95,0.000388,12.71106
31084,10/14/2017 23:02,1:45:21,568.2,3.936,0.000388,15.00813
31083,10/14/2017 21:16,0:03:44,562,19.95,0.000388,12.70371
31082,10/14/2017 21:13,5:01:35,563.2,19.95,0.000388,13.38329
31081,10/14/2017 16:11,2:08:39,564.9,25.87,0.000388,14.83792
31080,10/14/2017 14:02,1:41:25,563.6,19.95,0.000388,14.98817
31079,10/14/2017 12:21,0:29:08,565,14.16,0.000314,14.21009
31078,10/14/2017 11:52,11:42:41,569.1,14.16,0.000314,14.7493
31077,10/14/2017 0:09,3:44:14,570.9,14.16,0.000314,14.47883
31076,10/13/2017 20:25,3:50:42,561.2,14.16,0.000314,13.96567
31075,10/13/2017 16:34,3:32:49,568.1,13.71,0.000309,14.37424
31074,10/13/2017 13:01,1:17:32,575,14.52,0.00033,15.16122
31073,10/13/2017 11:44,0:39:20,573,13.82,0.000328,15.14978
31072,10/13/2017 11:05,1:23:35,566.4,14.13,0.000342,15.47173
31071,10/13/2017 9:41,3:30:31,565.6,13.4,0.000321,15.19028
31070,10/13/2017 6:10,2:40:29,571.3,13.61,0.000306,14.3288
31069,10/13/2017 3:30,0:58:35,568.8,14.19,0.000326,14.57573
31068,10/13/2017 2:31,0:29:32,569.9,13.52,0.000307,14.42408
31067,10/13/2017 2:02,1:25:09,572.6,14.77,0.000329,14.11101
31066,10/13/2017 0:37,3:31:42,594,12.99,0.000298,14.51574
31065,10/12/2017 21:05,1:32:37,614.5,14.4,0.000313,13.6358
31064,10/12/2017 19:32,0:18:15,592.9,13.6,0.000306,14.1321
31063,10/12/2017 19:14,1:59:30,563.5,13.75,0.000304,13.90705
31062,10/12/2017 17:15,0:56:37,564.6,13.2,0.000312,14.93232
31061,10/12/2017 16:18,3:08:41,601.2,14.01,0.000321,14.45662
31060,10/12/2017 13:09,0:12:22,587,14.01,0.000312,13.89947
31059,10/12/2017 12:57,0:18:48,588.8,13.66,0.000311,14.29261
31058,10/12/2017 12:38,0:57:46,603.2,13.51,0.000302,14.02862
31057,10/12/2017 11:40,1:01:36,570.2,13.37,0.000297,13.97567
31056,10/12/2017 10:39,2:22:39,571.5,14.26,0.000312,13.8428
31055,10/12/2017 8:16,0:59:16,572.2,14.26,0.000312,13.8422
31054,10/12/2017 7:17,0:10:49,555.3,3.106,6.70E-05,13.93243
31053,10/12/2017 7:06,5:37:01,566.9,5.334,0.000115,14.00687
31052,10/12/2017 1:29,0:30:45,567,13.64,0.000302,13.86182
31051,10/12/2017 0:58,3:08:38,554.6,13.54,0.000283,13.27864
31050,10/11/2017 21:50,0:00:53,541.3,13.43,0.00027,12.54451
31049,10/11/2017 21:49,4:14:14,541.1,13.3,0.000275,12.9553
31048,10/11/2017 17:35,0:11:24,539.2,13.65,0.000281,12.75352
31047,10/11/2017 17:23,1:31:42,553.2,14.41,0.000299,13.07951
31046,10/11/2017 15:51,4:34:51,596.5,13.41,0.000304,13.93768
31045,10/11/2017 11:17,6:07:29,603.7,13.76,0.000331,14.31839
31044,10/11/2017 5:09,2:04:12,526.3,13.4,0.000311,13.97386
31043,10/11/2017 3:05,2:10:02,565.9,13.99,0.000312,13.60016
31042,10/11/2017 0:55,5:14:13,559.8,14.23,0.000321,13.68867
31041,10/10/2017 19:41,2:31:58,553.4,12.93,0.000292,13.53534
31040,10/10/2017 17:09,0:01:25,549.9,14.28,0.000324,13.89107
31039,10/10/2017 17:07,1:24:48,556.1,14.01,0.000323,14.08868
31038,10/10/2017 15:42,1:15:23,548.6,13.58,0.000305,13.26902
31037,10/10/2017 14:27,3:07:26,554.6,13.99,0.000315,13.71085
31036,10/10/2017 11:20,4:45:52,559.5,13.27,0.000305,13.80414
31035,10/10/2017 6:34,4:29:41,550.8,13.15,0.000289,13.03475
31034,10/10/2017 2:04,0:16:52,521.2,14.27,0.000313,12.92981
31033,10/10/2017 1:47,10:08:48,567.6,13.65,0.000295,12.56892
31032,10/9/2017 15:38,2:32:49,547,13.92,0.000314,13.41655
31031,10/9/2017 13:06,0:09:04,545,14.74,0.000329,12.98959
31030,10/9/2017 12:57,5:08:44,511.9,13.91,0.000321,13.49627
31029,10/9/2017 7:48,0:12:21,516.9,14.54,0.000332,13.24874
31028,10/9/2017 7:35,6:11:17,553.7,14,0.000327,13.6764
31027,10/9/2017 1:24,4:34:11,566,14.06,0.000313,12.95524
31026,10/8/2017 20:50,1:13:16,566.6,3.051,6.92E-05,13.15616
31025,10/8/2017 19:37,1:43:51,571.8,13.71,0.000307,12.84136
31024,10/8/2017 17:53,5:05:02,572.2,12.93,0.000311,13.80992
31023,10/8/2017 12:48,6:52:15,569.1,14.15,0.000307,12.51232
31022,10/8/2017 5:56,1:55:55,570.2,13.39,0.000292,12.54599
31021,10/8/2017 4:00,0:45:54,568,14.19,0.000311,12.62744
31020,10/8/2017 3:14,1:53:01,569.7,13.76,0.000314,13.248
31019,10/8/2017 1:21,5:38:30,567.3,13.75,0.000306,12.96588
31018,10/7/2017 19:42,0:53:31,567.3,14.26,0.000314,12.60641
31017,10/7/2017 18:49,0:20:13,567.5,14.23,0.000313,12.73584
31016,10/7/2017 18:29,8:35:52,570.4,14.53,0.000315,12.7335
31015,10/7/2017 9:53,1:38:34,570.9,13.31,0.000291,12.76356
31014,10/7/2017 8:14,1:05:05,565.7,13.95,0.000307,12.71733
31013,10/7/2017 7:09,1:55:58,567.7,13.57,0.000295,12.54899
31012,10/7/2017 5:13,2:38:28,566.8,14.65,0.000323,12.84773
31011,10/7/2017 2:35,0:02:29,569.6,14.05,0.000306,12.63328
31010,10/7/2017 2:32,2:02:32,574.6,13.89,0.000316,13.20587
31009,10/7/2017 0:30,2:13:56,568.8,13.93,0.000336,14.11685
31008,10/6/2017 22:16,0:42:44,571.3,13.84,0.000288,12.6062
31007,10/6/2017 21:33,4:25:54,579.7,13.88,0.000277,12.52187
31006,10/6/2017 17:07,8:55:00,567.9,13.74,0.000324,14.24604
31005,10/6/2017 8:12,0:30:15,570.2,13.54,0.00032,13.60225
31004,10/6/2017 7:42,4:17:00,571.1,13.91,0.00031,12.83596
31003,10/6/2017 3:25,1:40:39,568.3,13.42,0.000281,12.847
31002,10/6/2017 1:44,0:08:03,583.2,13.05,0.00029,13.30255
31001,10/6/2017 1:36,4:17:14,530.2,13.91,0.000292,12.61235
31000,10/5/2017 21:19,2:49:01,531.7,13.52,0.000318,14.45841
30999,10/5/2017 18:30,2:12:48,567.6,14.28,0.000349,14.21071
30998,10/5/2017 16:17,0:20:20,570.7,13.36,0.000331,14.44185
30997,10/5/2017 15:57,11:14:02,570.1,13.91,0.000341,14.32244
30996,10/5/2017 4:43,2:03:28,559.3,14.14,0.000355,14.24967
30995,10/5/2017 2:39,4:04:15,554.6,13.68,0.000325,13.75973
30994,10/4/2017 22:35,3:41:11,552.5,13.93,0.000331,13.73418
30993,10/4/2017 18:54,0:17:17,560.2,14.07,0.000349,14.05452
30992,10/4/2017 18:36,0:49:04,572.2,13.48,0.00033,13.52545
30991,10/4/2017 17:47,1:21:09,561.1,13.48,0.000359,14.72113
30990,10/4/2017 16:26,2:52:15,565.7,14.28,0.000392,15.09463
30989,10/4/2017 13:34,14:25:45,553.6,14.04,0.000346,13.89623
30988,10/3/2017 23:08,0:04:30,536.7,15.56,0.00032,12.50831
30987,10/3/2017 23:04,8:27:49,554.9,15.24,0.000342,13.82391
30986,10/3/2017 14:36,2:38:24,555.8,13.41,0.000337,13.47858
30985,10/3/2017 11:58,0:59:37,553.6,13.73,0.000333,14.00896
30984,10/3/2017 10:58,0:54:58,549.6,14.17,0.00032,12.90912
30983,10/3/2017 10:03,2:55:25,549,14.14,0.000326,13.02856
30982,10/3/2017 7:08,0:23:01,548.3,13.45,0.000312,13.0209
30981,10/3/2017 6:45,1:59:35,544.5,15.02,0.000366,13.81691
30980,10/3/2017 4:45,1:26:03,544.3,13.54,0.000324,13.40668
30979,10/3/2017 3:19,2:47:11,544.8,4.863,0.000109,12.65973
30978,10/3/2017 0:32,0:11:15,535.7,14.16,0.000314,13.42327
30977,10/3/2017 0:20,1:59:28,533.1,14.16,0.000314,13.69499
30976,10/2/2017 22:21,1:23:58,534.4,14.16,0.000314,14.49127
30975,10/2/2017 20:57,7:32:17,537.1,14.16,0.000314,13.84016
30974,10/2/2017 13:25,2:50:25,542.1,14.16,0.000314,13.00733
30973,10/2/2017 10:34,0:39:26,541.1,14.16,0.000314,14.31537
30972,10/2/2017 9:55,0:58:49,541.1,14.16,0.000314,14.01954
30971,10/2/2017 8:56,1:25:31,540.7,14.16,0.000314,13.04545
30970,10/2/2017 7:31,3:43:54,542.2,14.16,0.000314,13.40845
30969,10/2/2017 3:47,1:11:44,542.5,14.16,0.000314,13.9481
30968,10/2/2017 2:35,1:14:25,541.8,14.16,0.000314,13.69851
30967,10/2/2017 1:20,0:06:31,549.2,14.16,0.000314,13.68927
30966,10/2/2017 1:14,6:54:48,549.7,14.16,0.000314,14.11525
30965,10/1/2017 18:19,1:37:41,586.2,14.16,0.000314,13.99976
30964,10/1/2017 16:41,0:32:59,533.8,14.16,0.000314,13.80567
30963,10/1/2017 16:09,0:52:08,544.7,14.16,0.000314,13.59789
30962,10/1/2017 15:16,1:05:08,547.2,14.16,0.000314,14.21989
30961,10/1/2017 14:11,1:04:54,537.7,14.16,0.000314,13.70385
30960,10/1/2017 13:06,0:10:10,536.7,14.16,0.000314,13.73776
30959,10/1/2017 12:56,4:22:36,534.3,13.59,0.000258,13.75907
30958,10/1/2017 8:34,0:47:53,531.6,13.59,0.000306,12.94726
30957,10/1/2017 7:46,2:22:20,,13.59,0.000323,12.82076
30956,10/1/2017 5:23,0:01:02,,13.59,1.00E-08,12.53624
30955,10/1/2017 5:22,1:17:48,,13.59,1.00E-08,12.81588
30954,10/1/2017 4:05,1:45:19,,13.59,4.80E-07,12.5
30953,10/1/2017 2:19,0:17:05,,4.303,9.37E-05,12.65533
30952,10/1/2017 2:02,4:36:31,,10.11,0.000235,13.63668
30951,9/30/2017 21:26,4:44:43,,14.39,0.000319,12.84499
30950,9/30/2017 16:41,1:49:29,,13.71,0.000311,13.23156
30949,9/30/2017 14:51,9:35:27,,13.98,0.000303,12.80037
30948,9/30/2017 5:16,0:31:59,,13.21,0.000292,12.80158
30947,9/30/2017 4:44,0:02:12,,13.84,0.0003,12.59414
30946,9/30/2017 4:42,3:00:00,,13.75,0.000312,13.22271
30945,9/30/2017 1:42,2:51:38,,14.16,0.000314,12.84637
30944,9/29/2017 22:50,6:25:06,,13.16,0.000284,12.86527
30943,9/29/2017 16:25,0:00:54,,14.26,0.000331,12.57025
30942,9/29/2017 16:24,2:49:37,,14.46,0.000343,12.87181
30941,9/29/2017 13:35,0:59:30,,13.85,0.000302,12.61148
30940,9/29/2017 12:35,0:32:06,,13.15,0.000317,14.0585
30939,9/29/2017 12:03,4:38:44,,13.83,0.000316,13.28087
30938,9/29/2017 7:24,3:02:42,,13.86,0.000324,13.35566
30937,9/29/2017 4:21,0:30:26,,13.99,0.000324,13.09225
30936,9/29/2017 3:51,0:34:00,,13.75,0.000306,12.52783
30935,9/29/2017 3:17,0:26:19,,13.96,0.000312,12.78591
30934,9/29/2017 2:51,7:01:32,,13.97,0.000337,14.06328
30933,9/28/2017 19:49,5:23:59,,3.857,8.68E-05,12.88062
30932,9/28/2017 14:25,3:36:22,,11.06,0.000258,13.47361
30931,9/28/2017 10:49,0:36:14,,13.7,0.000306,12.61339
30930,9/28/2017 10:13,2:51:59,,13.59,0.000323,13.01745
30929,9/28/2017 7:21,0:00:40,,13.33,0.000296,12.56217
30928,9/28/2017 7:20,1:02:42,,13.31,0.000303,12.90674
30927,9/28/2017 6:17,1:05:48,,13.42,0.000305,12.82607
30926,9/28/2017 5:11,1:25:22,,13.48,0.000309,12.86096
30925,9/28/2017 3:46,1:21:49,,13.86,0.000321,12.95827
30924,9/28/2017 2:24,1:27:21,,13.11,0.000294,12.5345
30923,9/28/2017 0:57,0:13:28,,14.08,0.000331,13.04346
30922,9/28/2017 0:43,1:45:40,,13.51,0.000323,13.25903
30921,9/27/2017 22:58,0:37:31,,14.08,0.000329,12.99407
30920,9/27/2017 22:20,7:30:24,,12.68,0.000293,12.61803
30919,9/27/2017 14:50,0:26:45,,13.36,0.000349,14.21499
30918,9/27/2017 14:23,0:44:51,,13.26,0.000348,14.29659
30917,9/27/2017 13:38,4:45:31,,14.15,0.000355,13.73472
30916,9/27/2017 8:53,1:03:50,,14.58,0.000375,14.2201
30915,9/27/2017 7:49,4:02:40,,13.58,0.000339,13.76735
30914,9/27/2017 3:46,0:49:05,,13.87,0.000362,14.42962
30913,9/27/2017 2:57,0:37:42,,12.85,0.000298,12.80249
30912,9/27/2017 2:19,0:06:37,,13.71,0.000322,12.98519
30911,9/27/2017 2:13,2:31:15,,14.04,0.00034,13.40007
30910,9/26/2017 23:42,0:50:20,,13.22,0.000308,12.86617
30909,9/26/2017 22:51,2:34:14,,13.53,0.00031,12.83215
30908,9/26/2017 20:17,1:33:40,,12.79,0.000318,13.93947
30907,9/26/2017 18:43,9:22:04,,13.87,0.000319,13.77388
30906,9/26/2017 9:21,0:31:32,,13.7,0.000355,14.11126
30905,9/26/2017 8:50,0:02:04,,14.26,0.000337,13.14423
30904,9/26/2017 8:48,6:34:17,,14.05,0.000349,13.85446
30903,9/26/2017 2:13,2:22:04,,13.96,0.000355,13.939
30902,9/25/2017 23:51,3:17:47,,11.06,0.000285,14.10045
30901,9/25/2017 20:34,0:27:37,,11.62,0.000287,13.47942
30900,9/25/2017 20:06,3:14:30,,6.469,0.000167,14.01598
30966,10/2/2017 1:14,6:54:48,572.2,14.16,0.000314,14.11525
30965,10/1/2017 18:19,1:37:41,569.1,14.16,0.000314,13.99976
30964,10/1/2017 16:41,0:32:59,570.2,14.16,0.000314,13.80567
30963,10/1/2017 16:09,0:52:08,568,14.16,0.000314,13.59789
30962,10/1/2017 15:16,1:05:08,569.7,14.16,0.000314,14.21989
30961,10/1/2017 14:11,1:04:54,567.3,14.16,0.000314,13.70385
30960,10/1/2017 13:06,0:10:10,567.3,14.16,0.000314,13.73776
30959,10/1/2017 12:56,4:22:36,567.5,13.59,0.000258,13.75907
30958,10/1/2017 8:34,0:47:53,570.4,13.59,0.000306,12.94726
30957,10/1/2017 7:46,2:22:20,570.9,13.59,0.000323,12.82076
30956,10/1/2017 5:23,0:01:02,565.7,13.59,1.00E-08,12.53624
30955,10/1/2017 5:22,1:17:48,567.7,13.59,1.00E-08,12.81588
30954,10/1/2017 4:05,1:45:19,566.8,13.59,4.80E-07,12.5
30953,10/1/2017 2:19,0:17:05,569.6,4.303,9.37E-05,12.65533
30952,10/1/2017 2:02,4:36:31,574.6,10.11,0.000235,13.63668
30951,9/30/2017 21:26,4:44:43,568.8,14.39,0.000319,12.84499
30950,9/30/2017 16:41,1:49:29,571.3,13.71,0.000311,13.23156
30949,9/30/2017 14:51,9:35:27,579.7,13.98,0.000303,12.80037
30948,9/30/2017 5:16,0:31:59,567.9,13.21,0.000292,12.80158
30947,9/30/2017 4:44,0:02:12,570.2,13.84,0.0003,12.59414
30946,9/30/2017 4:42,3:00:00,571.1,13.75,0.000312,13.22271
30945,9/30/2017 1:42,2:51:38,568.3,14.16,0.000314,12.84637
30944,9/29/2017 22:50,6:25:06,583.2,13.16,0.000284,12.86527
30943,9/29/2017 16:25,0:00:54,530.2,14.26,0.000331,12.57025
30942,9/29/2017 16:24,2:49:37,531.7,14.46,0.000343,12.87181
30941,9/29/2017 13:35,0:59:30,567.6,13.85,0.000302,12.61148
30940,9/29/2017 12:35,0:32:06,570.7,13.15,0.000317,14.0585
30939,9/29/2017 12:03,4:38:44,570.1,13.83,0.000316,13.28087
30938,9/29/2017 7:24,3:02:42,559.3,13.86,0.000324,13.35566
30937,9/29/2017 4:21,0:30:26,554.6,13.99,0.000324,13.09225
30936,9/29/2017 3:51,0:34:00,552.5,13.75,0.000306,12.52783
30935,9/29/2017 3:17,0:26:19,560.2,13.96,0.000312,12.78591
30934,9/29/2017 2:51,7:01:32,572.2,13.97,0.000337,14.06328
30933,9/28/2017 19:49,5:23:59,561.1,3.857,8.68E-05,12.88062
30932,9/28/2017 14:25,3:36:22,565.7,11.06,0.000258,13.47361
30931,9/28/2017 10:49,0:36:14,553.6,13.7,0.000306,12.61339
30930,9/28/2017 10:13,2:51:59,536.7,13.59,0.000323,13.01745
30929,9/28/2017 7:21,0:00:40,554.9,13.33,0.000296,12.56217
30928,9/28/2017 7:20,1:02:42,555.8,13.31,0.000303,12.90674
30927,9/28/2017 6:17,1:05:48,553.6,13.42,0.000305,12.82607
30926,9/28/2017 5:11,1:25:22,549.6,13.48,0.000309,12.86096
30925,9/28/2017 3:46,1:21:49,549,13.86,0.000321,12.95827
30924,9/28/2017 2:24,1:27:21,548.3,13.11,0.000294,12.5345
30923,9/28/2017 0:57,0:13:28,544.5,14.08,0.000331,13.04346
30922,9/28/2017 0:43,1:45:40,544.3,13.51,0.000323,13.25903
30921,9/27/2017 22:58,0:37:31,544.8,14.08,0.000329,12.99407
30920,9/27/2017 22:20,7:30:24,535.7,12.68,0.000293,12.61803
30919,9/27/2017 14:50,0:26:45,533.1,13.36,0.000349,14.21499
30918,9/27/2017 14:23,0:44:51,534.4,13.26,0.000348,14.29659
30917,9/27/2017 13:38,4:45:31,537.1,14.15,0.000355,13.73472
30916,9/27/2017 8:53,1:03:50,542.1,14.58,0.000375,14.2201
30915,9/27/2017 7:49,4:02:40,541.1,13.58,0.000339,13.76735
30914,9/27/2017 3:46,0:49:05,541.1,13.87,0.000362,14.42962
30913,9/27/2017 2:57,0:37:42,540.7,12.85,0.000298,12.80249
30912,9/27/2017 2:19,0:06:37,542.2,13.71,0.000322,12.98519
30911,9/27/2017 2:13,2:31:15,542.5,14.04,0.00034,13.40007
30910,9/26/2017 23:42,0:50:20,541.8,13.22,0.000308,12.86617
30909,9/26/2017 22:51,2:34:14,549.2,13.53,0.00031,12.83215
30908,9/26/2017 20:17,1:33:40,549.7,12.79,0.000318,13.93947
30907,9/26/2017 18:43,9:22:04,586.2,13.87,0.000319,13.77388
30906,9/26/2017 9:21,0:31:32,533.8,13.7,0.000355,14.11126
30905,9/26/2017 8:50,0:02:04,544.7,14.26,0.000337,13.14423
30904,9/26/2017 8:48,6:34:17,547.2,14.05,0.000349,13.85446
30903,9/26/2017 2:13,2:22:04,537.7,13.96,0.000355,13.939
